<?xml version="1.0" encoding="utf-8"?>
<!-- Created with Liquid Technologies Online Tools 1.0 (https://www.liquid-technologies.com) -->
<xs:schema attributeFormDefault="unqualified" elementFormDefault="qualified" xmlns:xs="http://www.w3.org/2001/XMLSchema">
  <xs:element name="GamesList">
    <xs:complexType>
      <xs:sequence>
        <xs:element name="Game">
          <xs:complexType>
            <xs:sequence>
              <xs:element name="ID" type="xs:unsignedByte" />
              <xs:element name="Publisher" type="xs:string" />
              <xs:element name="title" type="xs:string" />
              <xs:element name="genre" type="xs:string" />
              <xs:element name="price" type="xs:string" />
              <xs:element name="description" type="xs:string" />
            </xs:sequence>
          </xs:complexType>
        </xs:element>
      </xs:sequence>
    </xs:complexType>
  </xs:element>
</xs:schema>