<?xml version="1.0" encoding="UTF-8"?>
<GamesList>
   <Game>
	  <ID>198</ID>
      <Publisher>Bungie</Publisher>
      <title>Destiny 2</title>
      <genre>F2p,Open World, Fps</genre>
      <price>Free</price>
      <description>Dive into the world of Destiny 2 to explore the mysteries of the solar system and experience responsive first-person shooter combat.
  Unlock powerful elemental abilities and collect unique gear to customize your Guardian's look and playstyle. Enjoy Destiny 2’s cinematic story,
  challenging co-op missions, and a variety of PvP modes alone or with friends.Download for free today and write your legend in the stars.</description>
   </Game>
  
</GamesLis>